file containing parameters from fit: center_1, sigma_1, center_2, sigma_2
spatial size wide (mm)	5.084263550767738	0.20154240577880422	5.073576079254048	0.1715292707365872
spatial size narrow (mm)	3.4020623114401403	0.21250528642148003	3.3328052424024954	0.18732289835642568
temporal size wide (s)	5.848931187073544	0.289899857487556	5.851438738785856	0.3515576983384361
temporal size narrow (s)	3.904719049299538	0.2764980412835891	3.847387093690178	0.283543554383886
temporal distance wide (mm)	3.650489034724183	0.1847429765119073	3.5492245553514477	0.18609927046071517
temporal distance narrow (mm)	5.597835672904142	0.2739402866722762	5.573993110116121	0.28150141668575945
period wide (s)	<Parameter 'g1_center', value=9.442841917661013 +/- 0.0335, bounds=[-inf:inf]>	<Parameter 'g1_sigma', value=0.24932214086696636 +/- 0.0335, bounds=[0.0:inf]>	<Parameter 'g2_center', value=9.354096962653593 +/- 0.0324, bounds=[-inf:inf]>	<Parameter 'g2_sigma', value=0.2650947857889956 +/- 0.0324, bounds=[0.0:inf]>
period narrow (s)	<Parameter 'g1_center', value=9.4776315952282 +/- 0.0347, bounds=[-inf:inf]>	<Parameter 'g1_sigma', value=0.3260566467847483 +/- 0.0348, bounds=[0.0:inf]>	<Parameter 'g2_center', value=9.372759294671669 +/- 0.0311, bounds=[-inf:inf]>	<Parameter 'g2_sigma', value=0.33049701629911854 +/- 0.0312, bounds=[0.0:inf]>
