property,mean,mean std,sigma,sigma std
distance w [mm],3.980727916628079,0.0053828439909747545,0.08977140717498555,0.0053832513723420525
distance n [mm],4.1333776487781195,0.004059755314306264,0.10173953124854651,0.004059793655490317
wavelenght [mm],8.549028305977856,0.0034068351297814312,0.16107443296121615,0.003407451317335137
size w [mm],4.574899279884368,0.004476283788981519,0.22662478796410457,0.004476651476145282
size n [mm],4.391507583743976,0.005026046777936655,0.24154689865989432,0.005025952916861387
meniscus size b [mm],0.08673688334293506,0.0005994089513829737,0.041343679355501095,0.000640935490691269
meniscus size f [mm],0.07502053339431784,0.0009993954764459213,0.0351255564034223,0.001015416012758303
velocity w [mm/s],1.4465862692420182,0.024358334233357346,0.959409391533766,0.02488006864486169
velocity n [mm/s],1.4384486764157352,0.025053583198498656,0.9548568814316609,0.025584402706987322
