property,mean,mean std,sigma,sigma std
distance w [mm],3.7801431330396134,0.0034652424178183458,0.09241138937587712,0.003482910479068809
distance n [mm],3.8765049587509774,0.003326437331585817,0.09733708618458081,0.0033426387044008226
wavelenght [mm],8.146313318332984,0.0019535514665534413,0.15145422484129134,0.001959393733227458
size w [mm],4.370677577384372,0.004114823729958749,0.19925041490851636,0.004116029064510824
size n [mm],4.256235593521557,0.0032919732893447007,0.19456506464718326,0.0032919722310286404
meniscus size b [mm],0.052413596559252325,0.00022869732108936222,0.02136020296847785,0.00023084433387210806
meniscus size f [mm],0.05326910021686965,0.0004064458574871127,0.023550133208925406,0.00041331514181467554
velocity w [mm/s],2.2022951123258934,0.008459668175438272,0.10575128943338497,0.008459363521427902
velocity n [mm/s],2.1970987716018677,0.009491111121143696,0.11572544443299093,0.009490606126474118
