property,mean,mean std,sigma,sigma std
distance w [mm],3.98159172194037,0.003902028570556,0.100701870231094,0.003903172216002
distance n [mm],4.12558691074288,0.003203328831308,0.10344531411009,0.003203297271553
wavelength [mm],8.55347694929047,0.00483438621494,0.142781578085525,0.00483455612273
size w [mm],4.57045701565094,0.007700186432643,0.217960059143442,0.007700848241345
size n [mm],4.39883655849003,0.006856704585877,0.22815911776478,0.006856637011798
meniscus size b [mm],0.086395063161064,0.000392570659004,0.020204792459263,0.000392607402632
meniscus size f [mm],0.075854741267983,0.000478854513304,0.020420115194646,0.000479049441958
velocity w [mm/s],1.47046017926913,0.034139521342227,0.925951797814235,0.034657338672375
velocity n [mm/s],1.467105595512,0.031733559841972,0.925722219581938,0.032216165757595
